ID,Target
ID_5EGLKX,Low
ID_4AI7RE,Medium
ID_V9OB3M,Medium
ID_6OI9DI,Medium
ID_H2TN8B,Medium
ID_U8T7ZQ,Medium
ID_QQJ3A1,Medium
ID_F5S4JD,Medium
ID_CY2C11,Medium
ID_63XVFI,Low
ID_XAJI0Y,Low
ID_KX0JJU,Low
ID_795C4K,Medium
ID_6763V1,Medium
ID_7NXNW3,Low
ID_9AZ3CE,Medium
ID_SBKP1L,Low
ID_OC8D6J,Medium
ID_2073O9,Low
ID_IOGXPB,Medium
ID_OCHSXC,Medium
ID_HOCG2K,Low
ID_R2DHYL,Medium
ID_67P7Q4,Medium
ID_6GA2SD,Medium
ID_0E1JJD,Medium
ID_QF3ADT,Medium
ID_WU1R0D,Low
ID_8KGFP9,Medium
ID_1HXRIB,Medium
ID_27LIH6,Low
ID_D0LQ1M,Low
ID_EK2GPM,Medium
ID_SJB4LV,Medium
ID_H0G0XQ,Medium
ID_3W95CH,Medium
ID_0T1510,Low
ID_49EC54,Low
ID_7M1NDR,Low
ID_DBFXA2,Medium
ID_0PEQLV,Low
ID_DKV54C,Medium
ID_K7AYLP,Medium
ID_9XZ73Q,Medium
ID_XZQFS3,Low
ID_ATH9KP,Medium
ID_MVIHCW,Low
ID_2SKE1A,Low
ID_OLOLN3,Low
ID_UIAJQB,Medium
ID_4C8J6E,Low
ID_MP050O,Medium
ID_53QE5E,Medium
ID_UL6ULM,Low
ID_1R35G2,Medium
ID_BGDICO,Low
ID_DEMM0U,Medium
ID_WGIYQK,Low
ID_L0YQZD,High
ID_WS3KCV,Medium
ID_FDW79W,Medium
ID_JG3YTI,Medium
ID_JLYS7J,Medium
ID_3A8V4X,Medium
ID_0GDRRA,Medium
ID_QZTGBC,Medium
ID_TVOIWA,Medium
ID_C15DI4,Low
ID_QLQ1WM,Medium
ID_HCG7FD,Low
ID_FEUB4O,Medium
ID_VYWAPK,Medium
ID_GSQOF3,Medium
ID_2X37B9,Low
ID_BF1IIN,Medium
ID_PB01QC,Low
ID_FORPOK,Medium
ID_EVMY1Q,Medium
ID_1LQXT2,Low
ID_XPOUV7,Low
ID_USX9DX,Medium
ID_XXX1GJ,Low
ID_G7QSOD,Medium
ID_5CKMTB,Medium
ID_G1C3R5,Medium
ID_JA1V2T,Medium
ID_3V1UZV,Low
ID_LN1B5O,Medium
ID_RGYGO2,Medium
ID_15S74N,Low
ID_8TL777,Medium
ID_DO0FK4,Low
ID_BY7UXU,Medium
ID_FHAZMI,Medium
ID_36EPCE,Low
ID_YRJFVO,Low
ID_9179B9,Medium
ID_EYKC2M,Low
ID_HH7MC7,Medium
ID_6K18JQ,High
ID_MPA7DZ,Low
ID_O5NMXA,Medium
ID_784KON,Medium
ID_HK6HMR,Medium
ID_N1U349,Medium
ID_PLYO0S,Low
ID_XP0UO7,Low
ID_241UWN,Low
ID_TDHDX1,Medium
ID_INRJOH,Low
ID_AUD9K9,Low
ID_6VK0UC,Medium
ID_CS1OZF,Low
ID_ZX0W4T,Low
ID_XLAA6U,Medium
ID_ZAUGTT,Medium
ID_RRBSZU,Medium
ID_YBESIR,Low
ID_B31P35,Medium
ID_6IH10E,Medium
ID_F51XFA,Low
ID_T2ER1C,Low
ID_NS0GNH,Low
ID_9LF2OJ,Medium
ID_5FU7BF,High
ID_3TOPZZ,Low
ID_02KBQ4,Medium
ID_E6U4GN,Medium
ID_C37V80,Medium
ID_JHRRRS,Low
ID_GWJ8RR,Low
ID_1ENNGA,High
ID_OX7D0R,Low
ID_QMLCLI,Low
ID_FDTBJO,Medium
ID_NVIJZX,Medium
ID_RJR9LY,Low
ID_UQI62K,Low
ID_UW37J9,Low
ID_6W6N08,Low
ID_8N2R48,Medium
ID_0Q1G1N,Low
ID_D7969M,Medium
ID_1M0CU2,High
ID_Q62RXY,Medium
ID_4K6ILS,High
ID_24UNFT,Medium
ID_WNNHN3,Medium
ID_8SUOC1,Medium
ID_80OCGN,Low
ID_LPLH87,Medium
ID_U6QGCB,Medium
ID_JWM1WU,Medium
ID_FH41A6,Medium
ID_CIUWKW,Medium
ID_D2XD3T,Low
ID_YA2KYL,High
ID_TTH9KR,Medium
ID_0EJHRM,Low
ID_DL4YCP,Medium
ID_6EXNWZ,Low
ID_28OR9F,Medium
ID_JY1O2R,Low
ID_DE5E8N,Low
ID_BPWKO9,Medium
ID_TUX6J1,Low
ID_NF2P09,Low
ID_J1OF25,Medium
ID_OJ38AY,Low
ID_56GW9B,Medium
ID_EJRSBB,Low
ID_S4YEN1,Medium
ID_W1LK84,Low
ID_OZLEL8,Low
ID_GU5IO8,Medium
ID_3X2KB6,Medium
ID_MPCBHB,Low
ID_DSGC06,Medium
ID_ESDWH8,High
ID_SCQQAV,Medium
ID_O7GDS7,Low
ID_RVO9MA,Low
ID_O7TCBW,Medium
ID_55IZOL,Medium
ID_GBJWAV,Low
ID_LCQZJ8,Medium
ID_8G8T92,Low
ID_27EVCN,Low
ID_FNBA3V,Medium
ID_CUWXG8,Medium
ID_CKOM5F,Medium
ID_GQQQJR,Medium
ID_XHZPDS,Medium
ID_25SQ8C,Low
ID_LRKI72,Medium
ID_8MVW5O,Medium
ID_OTKUNU,Low
ID_M5CI7H,Medium
ID_NWTLBN,Medium
ID_SUFIZM,Medium
ID_B5XOJD,Medium
ID_XNDDZT,Low
ID_DLBGKB,Medium
ID_Y4V8CQ,Low
ID_APMXD6,Low
ID_CDNZY4,Low
ID_F3GR94,Low
ID_H95HHZ,Medium
ID_HONIX7,Low
ID_CW6J7O,Low
ID_1689WA,Low
ID_OG9TVP,Medium
ID_KJ49YD,Low
ID_16W8MI,Medium
ID_BYVSCA,Low
ID_JM1R1Q,High
ID_QIGBU9,Low
ID_7KVCNO,Low
ID_E9MOVB,Low
ID_LYGWR7,Medium
ID_EDOHVR,Medium
ID_28J9BF,Medium
ID_DXC6RI,Low
ID_8ZOI9H,Medium
ID_PI865E,Medium
ID_R8HBGW,Low
ID_513LM7,Medium
ID_O2D8FU,Medium
ID_9DSSRK,Medium
ID_RRBAEJ,Medium
ID_1R2XGP,Low
ID_EAFDZH,Medium
ID_HIFK0V,Medium
ID_0UJGVC,Medium
ID_LULYM7,Low
ID_86P5XH,Medium
ID_35X3X1,Medium
ID_B726EW,Low
ID_YQS8CG,High
ID_J00YCW,Medium
ID_VU2FFO,Low
ID_KZK4RQ,Medium
ID_CC8UUX,Medium
ID_E3OZKD,Medium
ID_O6NZPW,Low
ID_EFG9O9,Medium
ID_9UZ1KK,Medium
ID_UQGX8U,Medium
ID_LQC3C5,Medium
ID_D0NKVD,Low
ID_IPUV58,Medium
ID_QIELDV,Low
ID_6GS0JV,Medium
ID_EAXYLN,Medium
ID_Z3G0KS,Medium
ID_5TT9KA,Low
ID_IMQ5GL,Medium
ID_M5HGBO,Low
ID_RSNIMU,Medium
ID_34CUYS,Medium
ID_S6GKJ7,Low
ID_MDEI1W,High
ID_1DLUCL,Medium
ID_MZCJGU,Low
ID_SE0APH,Medium
ID_JQAMZC,Medium
ID_YPOOVC,Low
ID_AH3QN2,Medium
ID_Y6QR7E,Medium
ID_RZ8JJM,Low
ID_F8FWS0,Medium
ID_RMWLMA,High
ID_3H1G9Y,Low
ID_9EN0KE,Medium
ID_4SMGP0,Low
ID_YXKQN8,Medium
ID_YD2KIR,Medium
ID_9ARYEA,Medium
ID_K6RE4Q,Medium
ID_DA5H3Z,Medium
ID_LWI1CU,Low
ID_F33GUW,Medium
ID_ONS1NG,High
ID_XFHHVP,Medium
ID_ZKN3PD,Low
ID_KBE0QA,Low
ID_BPBBQH,Medium
ID_F9S9EH,Low
ID_2D7GG3,Medium
ID_1T6I8U,Medium
ID_ZG58XY,Medium
ID_1DALPB,Low
ID_DALMJE,Medium
ID_76S20E,Medium
ID_94E82X,Medium
ID_SW5861,Low
ID_8ZDXHY,Medium
ID_05FL04,Low
ID_G5C210,Low
ID_UGHT7E,Low
ID_W4HUDS,Low
ID_TQ5DYV,Low
ID_YAJ5ND,Medium
ID_8N3E54,Medium
ID_EXYVCU,Medium
ID_04DV0U,Medium
ID_2MZ8M6,Medium
ID_UTOTHL,High
ID_6LKWKN,Low
ID_TZ9UU5,Low
ID_UK9E1V,Low
ID_G345K5,Low
ID_Q51WHA,Medium
ID_D1LQJS,Low
ID_WS3SBG,Low
ID_GI14Z9,Low
ID_CNFU2H,Low
ID_8EIQET,Low
ID_U50AP1,Medium
ID_WLXDSC,Low
ID_BDP4RE,Low
ID_26UU6D,Low
ID_MZ6387,Low
ID_QTIM88,Medium
ID_X70R3S,High
ID_WSHY61,Medium
ID_PAXUZM,Medium
ID_724HK1,Medium
ID_VM8TNA,Medium
ID_KIH548,Medium
ID_WGT2LB,Medium
ID_04K43S,Medium
ID_EHG832,Medium
ID_ODZMPO,Medium
ID_TD24B4,Low
ID_04JCRW,Low
ID_7RY21G,Medium
ID_AMXA6S,High
ID_PHH62M,Medium
ID_IRD4JP,Medium
ID_E2F15J,Low
ID_69620Z,Medium
ID_TNSM8X,Low
ID_GLIGYK,Low
ID_IYRM1K,Low
ID_P8NJGK,Medium
ID_2MGBNC,Low
ID_Q77HNS,Medium
ID_GA41IZ,Medium
ID_T8MMDF,Medium
ID_P5YRO1,Medium
ID_UYSBFO,Low
ID_Q0NEZH,Medium
ID_R39IIX,Medium
ID_C2RH2X,Medium
ID_47EN48,Low
ID_6Q8SJY,Low
ID_OZOZEN,Medium
ID_CEAAE5,Medium
ID_9M0P87,Medium
ID_3KEYYN,Medium
ID_3RI0YA,High
ID_LIJI18,Medium
ID_Y4DKV7,Medium
ID_NZY7JR,Low
ID_GVUMMW,Medium
ID_8WGBJ4,Medium
ID_JPWIT7,Low
ID_J61TYJ,Low
ID_U73UHR,Low
ID_CFWAWQ,Medium
ID_J7D4NG,Low
ID_06B8MS,Medium
ID_6J3RTX,Low
ID_GOBZPE,Medium
ID_D13UG3,Low
ID_Y3ODSX,Low
ID_4BX952,Low
ID_TB1PPQ,Medium
ID_R16WU1,Medium
ID_F4KZSE,Medium
ID_SF12A5,Low
ID_IZ3U81,Low
ID_9RV3B2,Low
ID_6AQ1DR,Medium
ID_XCX9KN,Medium
ID_H1ADRG,Low
ID_F8WXKK,Medium
ID_0S9BP4,Medium
ID_5A8389,Medium
ID_I3EYJ5,Low
ID_DT95B1,Low
ID_3DD03U,Medium
ID_7SU62J,Low
ID_R97Y2L,Medium
ID_0DJWSA,Low
ID_1EN699,Medium
ID_KBEFQ7,Medium
ID_3416UK,Low
ID_I72W4O,Medium
ID_K5BOV3,Medium
ID_QUNUE7,Low
ID_TPLI69,Low
ID_JK8XNL,Medium
ID_E0OF37,Medium
ID_NHJVAN,High
ID_JRKHE0,Low
ID_WPGK9M,Medium
ID_47RHOW,Medium
ID_JUDL3A,Low
ID_PRCWFB,Low
ID_11ZSB8,Medium
ID_GGHUGT,Low
ID_A8JC3M,Medium
ID_QZLVZY,Low
ID_DTN0AB,Medium
ID_Y9QZO7,Medium
ID_0IGBV7,Medium
ID_SVEEGS,Low
ID_83T5KV,Medium
ID_1Y7LBD,Low
ID_KD9GNL,Low
ID_3HKVPL,Low
ID_DERI4K,Low
ID_YGC9G6,Medium
ID_GMF4LN,Medium
ID_HS7AUI,Medium
ID_P6PNU0,Medium
ID_GO6ZHD,Low
ID_HROXIL,Low
ID_VO7IUG,Low
ID_Z1GV0E,Medium
ID_T5U694,Low
ID_RCBPLJ,Medium
ID_7HZZ4G,Low
ID_0AH1KG,Medium
ID_JCKNC6,Low
ID_SNH0E9,Medium
ID_ZRV4A3,Medium
ID_DW0FGZ,Medium
ID_HHWMF1,Medium
ID_4RYTVG,Low
ID_P39LQT,Medium
ID_N9F7QA,Medium
ID_FIQG01,Medium
ID_TFU2SN,Medium
ID_7OTE0Q,Medium
ID_I4FIEE,Medium
ID_1OQ9RQ,Medium
ID_G39BD2,Low
ID_20RM73,Medium
ID_WLO61P,High
ID_QOOEGE,Low
ID_DFGJ7N,Medium
ID_JUL7W8,Medium
ID_CMOQ5P,Low
ID_9F16X1,Medium
ID_48WEGT,Medium
ID_Z47V66,Medium
ID_RNZNZM,Medium
ID_4X8SCX,Medium
ID_IW6L01,Low
ID_1I7XJ2,Medium
ID_0CD8A2,Low
ID_OGN378,Low
ID_OOQ42N,Low
ID_7ILBTL,Medium
ID_A1W3RR,Medium
ID_DKEJP5,Medium
ID_OSZHX1,Medium
ID_HDI8S5,Low
ID_RIIGUP,Medium
ID_AKFD18,Low
ID_SWEBNV,Medium
ID_5MLGMX,Medium
ID_P891XS,Low
ID_EFSAA6,Low
ID_1VVTY9,Low
ID_K2VMWW,Medium
ID_4HXIOB,Medium
ID_5IV86Z,Medium
ID_6G298C,Low
ID_3O40A9,Medium
ID_ZU2ZUE,Medium
ID_91QE37,Medium
ID_7IKP7S,Medium
ID_MUXFZJ,Medium
ID_BCHUAT,Medium
ID_G9TDRO,Medium
ID_5D4VUE,Low
ID_AHZA9T,High
ID_Y3Z1DE,Low
ID_NIE7YV,Medium
ID_5U8YL9,Medium
ID_1UIW5E,Low
ID_WS1LOQ,Medium
ID_OXZOGN,Low
ID_WIJLQ5,Low
ID_HHX2X5,High
ID_9F7WO9,Medium
ID_RMQ0ML,Medium
ID_AHY5HO,Medium
ID_CVEDQF,Low
ID_E9JLWX,Low
ID_X8XLVK,Low
ID_L30PYN,Medium
ID_RDBPZO,Medium
ID_1V5ZD0,Low
ID_T96GSK,Low
ID_OFG780,Low
ID_FS17CS,Medium
ID_P2OY4C,Low
ID_3HPNIC,High
ID_R6N18B,Medium
ID_S5RCGB,Medium
ID_PYI46N,Medium
ID_HAV6XH,Medium
ID_O1DS3H,Medium
ID_GH8P9L,Medium
ID_N1UJYP,Low
ID_OBTCW6,Medium
ID_JH9PO2,Medium
ID_N3JHYA,Medium
ID_KPF3UZ,Medium
ID_LJQKCJ,Medium
ID_RPP9CW,Medium
ID_0HKARP,Low
ID_GBUL1O,Medium
ID_URQN3B,Low
ID_2BWQNX,Low
ID_Z6CP7S,Medium
ID_J5UESL,Medium
ID_MZNMXB,Medium
ID_L40FOC,High
ID_QP6I0T,Medium
ID_KWW4HN,Medium
ID_BVUCZV,Low
ID_2U7JHQ,Low
ID_7P2F96,Medium
ID_L6CKNC,Medium
ID_63005S,Medium
ID_TWDL9Z,High
ID_IP65PL,Medium
ID_QHXSIP,High
ID_KRCW9I,Medium
ID_S1WVPF,Medium
ID_EJNEF0,Low
ID_GPS013,Low
ID_LGJE2A,High
ID_NXPWNU,Medium
ID_H7PSXM,Medium
ID_TSRL21,Low
ID_7LCCJZ,Low
ID_B3V7G5,Low
ID_FQKIDC,Medium
ID_PEHFJ6,Medium
ID_RVA2UL,Medium
ID_NXXKLU,Medium
ID_7PMEXJ,Medium
ID_L6FEHE,Medium
ID_H7QLH5,Low
ID_5Y4TS6,Low
ID_AQ3J9X,Medium
ID_F3TF14,Low
ID_BFFBFL,Low
ID_G8SBI4,Low
ID_42WQK2,Low
ID_ZG884B,Low
ID_93DXWO,Medium
ID_H6AAF2,Low
ID_F27SJC,Low
ID_27KKZ4,Medium
ID_1W36CO,Low
ID_CBSYQY,Medium
ID_SVXFOR,Medium
ID_409WNZ,Medium
ID_7KSAUA,Low
ID_9JD4MK,Low
ID_FXLGQX,Medium
ID_DP4FMP,Medium
ID_79IZV5,Medium
ID_O9O2M4,Low
ID_3C1HD9,Medium
ID_9INTUO,Low
ID_ZE6HVO,Medium
ID_U5X0HC,Low
ID_11KPKW,High
ID_4GPZBO,Medium
ID_99AF38,Medium
ID_R7JETE,Low
ID_AFN214,Medium
ID_JA5T7P,High
ID_6RP26G,Medium
ID_3CII1J,Medium
ID_H094IP,Medium
ID_XF5Q3J,Low
ID_RG63LH,Medium
ID_MBR5XQ,Medium
ID_M8RT41,Medium
ID_9C70PA,Medium
ID_SBWTE8,Low
ID_56VAVW,Low
ID_70N9EM,Medium
ID_M54XR8,Medium
ID_ZFHQDR,Medium
ID_C2GUWJ,Medium
ID_M6MW6N,Medium
ID_PHJ3MU,Low
ID_8VI6FK,Medium
ID_HLCEZH,Low
ID_T1K8HC,Medium
ID_S4P845,Low
ID_22Z0SD,Medium
ID_333ZA4,Medium
ID_XRED8U,Medium
ID_AHE441,Low
ID_DJ3RZQ,Low
ID_DESIS6,Low
ID_U0R7G0,High
ID_C9LUER,Low
ID_YN2YJW,High
ID_Y1OL5R,Medium
ID_VVEG6U,Low
ID_LPEFJA,Medium
ID_EFFXJJ,Low
ID_DBE2X8,Medium
ID_JJTD1M,Medium
ID_SAAYE8,Low
ID_0TJ2T9,Low
ID_I9EXBN,Medium
ID_IK85EN,High
ID_W7TBDD,Low
ID_5DEK42,Medium
ID_9AGE9N,Low
ID_N728ZH,Medium
ID_WIEEO9,Medium
ID_A0C5HD,Low
ID_R9Y7N1,Medium
ID_OJPZQS,Medium
ID_QWLOQK,Low
ID_2LG1ZH,Low
ID_X43WFS,Medium
ID_CZAFR0,Medium
ID_OEXIR4,High
ID_YXFIBL,Low
ID_4I3642,Low
ID_P7ZCPB,Low
ID_CSQOU9,Medium
ID_7KFGHP,Medium
ID_MJSRD9,Low
ID_HTD8H6,Low
ID_U3PJTC,Low
ID_J0LEBN,Medium
ID_N717YW,Low
ID_IHDZSN,Medium
ID_ZU0F5E,Medium
ID_3AWPQS,Low
ID_RF04F6,Medium
ID_RLF3Q6,Medium
ID_ECDC9Y,High
ID_SVB8Q3,Low
ID_HVDQ0M,Low
ID_3GGODL,Low
ID_O9HAXH,Medium
ID_TC41RW,Medium
ID_XALXEP,Low
ID_WVTFX4,Low
ID_FR8EG6,Low
ID_WWOSLK,Low
ID_NIL847,Medium
ID_KPK7FV,Medium
ID_8BKA8V,Medium
ID_LNM580,Low
ID_042QTC,Low
ID_E9DUG9,Medium
ID_AOQHVD,Low
ID_LX4UZI,Low
ID_NQXUC1,Medium
ID_4SE2KY,Medium
ID_3HG939,Low
ID_13HLOZ,Medium
ID_0OXFQ8,Medium
ID_H5YWL9,Medium
ID_BH6NQQ,Medium
ID_0YUCQE,Medium
ID_6RNCKR,Medium
ID_EEV7IN,Low
ID_W9D2OL,Medium
ID_HUAMHM,Medium
ID_57HLSZ,Medium
ID_Y09SGW,Medium
ID_SF699P,Medium
ID_6KB9Z7,Medium
ID_HPMXPK,Medium
ID_WAVIAT,Low
ID_3S9UCK,Low
ID_W1B4LI,Low
ID_D7YXW1,Low
ID_H4K4JK,Low
ID_XI8E55,Low
ID_TCKEH5,Medium
ID_CG99L3,Medium
ID_NC0I4X,Medium
ID_MSY5YP,Medium
ID_NU9QRK,Low
ID_H2NXXM,Medium
ID_AI2278,Medium
ID_QNM6XV,Low
ID_M2HUT7,Medium
ID_WG4DI2,Medium
ID_D9REXP,Medium
ID_ZH4YYB,Medium
ID_809QC5,Low
ID_XMVW0N,Medium
ID_JRM97P,Low
ID_WYO653,Low
ID_K26GFX,Medium
ID_M1XGB1,Medium
ID_OI5G6X,Medium
ID_VTX6PO,Medium
ID_T09CLU,Low
ID_40WEDM,Low
ID_U87CM4,Low
ID_NT2TC8,Low
ID_GNWNL7,Medium
ID_UMX00Y,Medium
ID_QQO7BG,Medium
ID_WY3I07,Low
ID_B0B1YO,Medium
ID_Z9AD5Y,Low
ID_2HJJHM,High
ID_9MIDUX,Medium
ID_3JONOU,Low
ID_D3Y82F,Medium
ID_C4951A,Low
ID_ATLY4W,Medium
ID_6SGW2N,Medium
ID_ELZAWR,Low
ID_A7YPCF,Low
ID_CP83JU,Medium
ID_ZNX80E,Low
ID_2J60V4,Medium
ID_91I3VM,Medium
ID_CVTN9S,Medium
ID_VV7RMN,Medium
ID_C23U2G,Medium
ID_ZLQEIR,Medium
ID_OFIPZN,Medium
ID_8G8JDP,Medium
ID_NQQA4P,Medium
ID_VRUFFD,Medium
ID_U534Q4,Medium
ID_PKLJ67,Medium
ID_V21NDC,Low
ID_DNHYOG,Medium
ID_Z3FU0L,Low
ID_MQXMQO,Low
ID_NNLO0H,High
ID_HAGKC4,Low
ID_9MSZR0,Medium
ID_UNQHNV,Low
ID_YLU58F,Medium
ID_WGSKWD,Medium
ID_O1P98S,Low
ID_DCUJQ6,Medium
ID_TTC954,Low
ID_Z1MFIH,Medium
ID_6XN6LC,Low
ID_E58F3O,Medium
ID_K3FDJ2,Medium
ID_2R6U0M,Medium
ID_7VH1YG,Low
ID_RUCPRK,Low
ID_M8NZF6,Medium
ID_3WXA73,Medium
ID_HZYZTE,Low
ID_LE4A2G,Medium
ID_I5BLW4,Low
ID_IYQBVT,Medium
ID_GK6T9D,Low
ID_YEMNNP,Medium
ID_COWEEV,Low
ID_DIBBFR,Low
ID_W2EOWL,Medium
ID_GSCMNU,Low
ID_BZKL5T,Medium
ID_RBGWVN,Low
ID_OMFFK4,Low
ID_SUP0GA,Medium
ID_NTUSJX,Medium
ID_Y0W58D,Medium
ID_CJG8VU,Low
ID_FGGK82,Medium
ID_2VRPK9,Medium
ID_05ZHI6,Medium
ID_53EGDD,Low
ID_JMZ5K9,Low
ID_H82ODS,Medium
ID_TG21HS,Low
ID_YGE3VJ,Low
ID_HPNPK2,Medium
ID_JMH6T4,Low
ID_ZG2VG3,Medium
ID_1CMDRM,Low
ID_C41Q6L,High
ID_IKA7LX,Medium
ID_ZDQ3W6,Medium
ID_THODZZ,Medium
ID_XJ93DR,Low
ID_7ZJ8FN,Low
ID_7BLW9M,Medium
ID_SMQL2T,Medium
ID_QEAEQ2,Medium
ID_HGKTPG,Low
ID_3E4XYF,Medium
ID_VL9V73,Low
ID_4US73W,Medium
ID_YHRFOZ,Low
ID_O9TNTY,Medium
ID_OQIFJ8,Low
ID_2E077U,Low
ID_PVEG4D,Medium
ID_1U5XI1,High
ID_5EUSC7,Low
ID_RAZMDU,Low
ID_LJT18Z,Low
ID_30L1R9,Medium
ID_JL8EZ3,Medium
ID_NCAD4Z,Medium
ID_GATJ9T,High
ID_25X1FV,Low
ID_KB47Y7,Low
ID_357BD0,Medium
ID_QD9ANO,Low
ID_JX084D,Medium
ID_NXV50O,Medium
ID_GIQDZ7,Medium
ID_BV2J3T,Medium
ID_JQTF8N,Medium
ID_TQ824H,Low
ID_SOT56A,Low
ID_MSPZPD,Medium
ID_VI052U,Medium
ID_5RPBLA,Low
ID_Z53GWT,Medium
ID_DQVUL7,Low
ID_ZCOTOH,Low
ID_Z2ZMIG,Medium
ID_PKN646,Medium
ID_KT4P6C,Low
ID_H2BVWV,Medium
ID_B0ORR5,Medium
ID_E34JL7,Low
ID_WKZM92,Medium
ID_9T84AZ,High
ID_SXOF6T,Medium
ID_2RGWHG,Medium
ID_93ACZS,Low
ID_NKBTFS,Medium
ID_QEJ6FD,Low
ID_G1L11O,Low
ID_GGSPAJ,Low
ID_F8RSJR,Medium
ID_0WYYQN,Low
ID_7GIU13,Medium
ID_FU4B9S,Low
ID_UZNO5M,High
ID_CDK36M,Medium
ID_8AB13T,Medium
ID_RP8GUU,Low
ID_PW3HHI,Medium
ID_7JMREV,Low
ID_6ORGER,Medium
ID_6NYYCJ,Medium
ID_ZVLHYL,Low
ID_SKYKZ1,High
ID_I20AK6,Medium
ID_X9WLW4,Low
ID_UYUCEC,Low
ID_O6JRU7,Medium
ID_ZN5H5J,Medium
ID_J80E7N,Low
ID_422TA8,Medium
ID_LKFBK9,Low
ID_9W2ZZS,Medium
ID_YVMDH6,Low
ID_JJEY7Q,Medium
ID_1RDOLP,Medium
ID_B57L13,Medium
ID_1XERP3,Medium
ID_1POXRT,Medium
ID_IMI0G8,Medium
ID_9VB92G,High
ID_PDOLXC,Low
ID_BALHJH,Medium
ID_LP8UW1,Low
ID_R1H69M,Medium
ID_6SIF6D,Low
ID_NR53F5,Low
ID_ABAZD8,Low
ID_0N8MZ5,Low
ID_YQ5QHS,Low
ID_HG5ZMT,Low
ID_F3JPHN,Low
ID_3GXJ0M,Medium
ID_MZPSCT,Medium
ID_TSUJT7,Medium
ID_VTFMRM,Low
ID_SEHJ0Y,High
ID_DIOHML,Low
ID_UZFJAL,Low
ID_H9VGKY,Medium
ID_N04FDT,Medium
ID_HCJOJZ,Medium
ID_PJ7K99,Medium
ID_XB9YO1,Medium
ID_81RXYR,Medium
ID_BUQIQM,Low
ID_0UI22K,Medium
ID_1ZAQ7Q,Medium
ID_6QROLN,Medium
ID_B41G87,Medium
ID_AWHLQ7,Medium
ID_NNTXRG,Low
ID_Q03JWW,Medium
ID_ZSA7YV,High
ID_HN6MGW,Low
ID_W62AIA,Low
ID_020ZTX,Low
ID_Y72IVG,Low
ID_Z17A8R,Medium
ID_GLAF8Y,Medium
ID_Z17YBE,Low
ID_MPXQ3X,Low
ID_RM43GM,Medium
ID_L3M871,Medium
ID_SSUMH0,Low
ID_11NAE2,Low
ID_P61LFC,Medium
ID_I909N7,Medium
ID_N5MUY0,Medium
ID_LEJVGI,Low
ID_R5SWK8,Low
ID_38YHED,Medium
ID_U0UONU,Low
ID_WXLCIU,Medium
ID_PX71M8,Low
ID_AZXKDQ,Medium
ID_0NW0F3,Low
ID_ZM12AW,Low
ID_BKPIQN,Low
ID_I6FQJJ,Medium
ID_BQCND5,Medium
ID_JA6MIH,Medium
ID_BD2SCE,Medium
ID_M5ZJA8,Low
ID_6WEGGH,Medium
ID_U5MTXS,Medium
ID_6ABQR8,Low
ID_SEXVR2,Medium
ID_U4XSZJ,Low
ID_EKJS7Y,High
ID_R3PT47,Medium
ID_0N9CC7,Medium
ID_SCU6MX,Medium
ID_RC474U,Medium
ID_I3QK2I,Low
ID_9JVB6H,Medium
ID_4JNLMK,Medium
ID_8Z1XIE,Medium
ID_QT53BZ,Low
ID_T9N44F,Medium
ID_1EKVIP,Low
ID_8MWE77,Low
ID_E2ATN2,Low
ID_KPL3CH,Low
ID_M4PSQN,Low
ID_NTJK2G,Medium
ID_DJJFNF,Low
ID_TUH08L,Low
ID_14NIJC,Medium
ID_OWAPCQ,Medium
ID_Y31ZR7,Medium
ID_JBQU11,Medium
ID_S859TX,Medium
ID_CRYSAU,Low
ID_JD2V1L,Medium
ID_KFZQFO,Low
ID_EAZVW7,Medium
ID_YMRRQS,Medium
ID_RFIUPR,Medium
ID_EFOJHO,Medium
ID_4XO06R,Low
ID_3VQJDD,Low
ID_TJHL93,Medium
ID_BETRLZ,Medium
ID_FOY4DD,High
ID_R8T945,Low
ID_3K8A7R,Medium
ID_EDPLHR,Medium
ID_8714NB,Low
ID_LED1LG,Low
ID_W5FKNJ,High
ID_EL33PC,Medium
ID_72VFW1,Low
ID_YJB48W,Low
ID_FICLRE,High
ID_D7TZG3,High
ID_VHYGQZ,Medium
ID_WMEJKE,Low
ID_G78IA6,Medium
ID_KQKP90,Medium
ID_EBXGKY,Medium
ID_ZTBQ56,Medium
ID_W3CHNJ,Medium
ID_MX0RDT,Medium
ID_4WSQT2,Low
ID_61BRFY,Low
ID_CMBVPT,Low
ID_PC9SPW,Low
ID_PRTZUF,Medium
ID_M1TM27,Medium
ID_4LAUSK,Low
ID_WNQXAR,Low
ID_BOCHTC,Low
ID_MHVKCX,Medium
ID_0YMXNE,Medium
ID_NEEWKI,Medium
ID_02NMSI,Medium
ID_9DXOQ2,Low
ID_ZBMP4J,Medium
ID_M7U4AK,Low
ID_7ZPQFG,High
ID_3IE68P,Medium
ID_PT55HT,Low
ID_8J0KKA,Medium
ID_CPJ8R1,Medium
ID_6BRJDN,Medium
ID_8OGA0X,Medium
ID_S7DXD9,Low
ID_ZMVYD4,Low
ID_ZV2GWU,Medium
ID_PWH0MX,Low
ID_9ZC2WO,Low
ID_MLGSES,Medium
ID_FLHLX0,Low
ID_1T2TAL,Medium
ID_VE5RZU,Medium
ID_PUN5DG,Low
ID_5DBDXB,Low
ID_CH77WR,Low
ID_A3IDY3,Low
ID_977YY5,Medium
ID_U1BZQW,Low
ID_UEIHX7,Low
ID_Y0BVR6,Low
ID_A0WQOF,Medium
ID_2ATGXI,Medium
ID_RDQV9K,Medium
ID_NECQOR,Medium
ID_1S6EQX,Medium
ID_33S5R2,Medium
ID_LFCOP4,Low
ID_LV6TX0,Low
ID_M5NS30,Medium
ID_OBIRY8,Low
ID_EMBYV6,Medium
ID_P77946,Medium
ID_IAVPTS,Low
ID_OJ4X9O,Low
ID_N2WKIY,Low
ID_N3CIHM,Low
ID_S8CHKC,Medium
ID_X9ULLP,Low
ID_3VVVF7,Medium
ID_BHEYYS,Medium
ID_HFT4I2,Low
ID_E358TR,Medium
ID_XO9T7E,Low
ID_3LXSY4,Medium
ID_IH1XDP,Low
ID_QGYIW5,Medium
ID_W06NY4,Medium
ID_9R17WL,Low
ID_EJSX09,Low
ID_LQ3VXH,Low
ID_SDP8MV,Low
ID_YGMGIE,Low
ID_11LGPK,Low
ID_XQ531D,Low
ID_FEFPQ5,Low
ID_7Q15WH,Medium
ID_G6OOH1,Medium
ID_YGYNKI,Medium
ID_WFCY40,Low
ID_U5OEJ8,Medium
ID_IKT2KF,Low
ID_TACY15,Medium
ID_8BV5ZH,Medium
ID_ERY74R,High
ID_JSBNU6,Medium
ID_WQX1N6,Medium
ID_4U3WO2,Medium
ID_37ODN6,High
ID_PQYASY,Medium
ID_DOOF2J,Medium
ID_51VUTP,Medium
ID_LYBWGM,Low
ID_Z8KV8N,Medium
ID_6TUKXN,Low
ID_W4JQZ1,Low
ID_Q9JUUL,Low
ID_0I7MTP,Medium
ID_HLI5L6,Medium
ID_TXP0SH,Medium
ID_488PKW,Low
ID_YGZCUJ,Medium
ID_SAYRSZ,Low
ID_V3UTCP,Medium
ID_CIJJRX,Medium
ID_P5RO8Q,Low
ID_4C3G4C,Medium
ID_7V3M13,Medium
ID_LXN32N,Medium
ID_Q2OAZF,Medium
ID_C8CYNL,Medium
ID_8D1SPD,Low
ID_VUFXFL,Medium
ID_L4J1PJ,Medium
ID_XXA6BM,Low
ID_WNPR42,Low
ID_K94W6W,Medium
ID_PNZASY,Medium
ID_52XOVY,Medium
ID_6ASSSU,Low
ID_KKIUY5,Low
ID_OECQZ0,Medium
ID_7QPM29,Low
ID_CD1W6R,Low
ID_KO8ZS8,Medium
ID_S5ZXQO,Medium
ID_NGC4XA,Medium
ID_0VA0ST,Low
ID_OA83Z7,Low
ID_FNS6UV,Medium
ID_10PJE7,Medium
ID_IIPS8Q,Low
ID_ZUWQFF,Low
ID_SV51TK,Low
ID_JCEJMN,Medium
ID_3RXDT5,Low
ID_A0GURG,Low
ID_SDLNIT,Medium
ID_U0T566,Low
ID_FHLGEM,Low
ID_5WBQAL,Medium
ID_XF823Q,Medium
ID_IRIO74,Medium
ID_YYWZL0,Medium
ID_PAY1T5,Low
ID_8OZCYW,Low
ID_675TG9,Low
ID_WSFDIB,Medium
ID_JWWBK8,Low
ID_Q1JNY6,Low
ID_WW12TP,Medium
ID_ROIAW9,Low
ID_E8NFRA,Medium
ID_DHVS41,Medium
ID_DJD1XB,Low
ID_9DD5S0,Medium
ID_DTBYRG,Medium
ID_3VM1U0,High
ID_BSEPR1,Low
ID_BJHY3M,Low
ID_Q22AJX,Medium
ID_E8IV8A,Low
ID_XOF33Q,Low
ID_PE7YKR,Low
ID_U8OXM9,Medium
ID_F4S2NI,Medium
ID_INSTQC,Low
ID_HZX7ZB,Low
ID_X8WB80,Medium
ID_KGFZ9Y,Low
ID_HDLQH1,Medium
ID_LCQXIP,Medium
ID_DZIWF9,Low
ID_8OM08T,Low
ID_L2FX35,Low
ID_JK66KE,Low
ID_VF8QFB,Low
ID_6NEOAZ,Low
ID_O4RLE9,Low
ID_2KUGEO,Low
ID_5CS9UI,Medium
ID_BLF5SD,Low
ID_D0771H,Medium
ID_Q99FR8,Low
ID_7WLYZF,Low
ID_A26YFP,Medium
ID_OUN91F,Medium
ID_0V0NJJ,Medium
ID_C81DO6,Low
ID_VY32I3,Low
ID_9JHQZL,Low
ID_NYXTXM,Medium
ID_G2LBWT,Medium
ID_DKRLC0,Medium
ID_B87T93,Low
ID_QDWB32,Low
ID_UL4AE6,Medium
ID_F6XDN8,Medium
ID_887TLE,Medium
ID_3DVYJH,Medium
ID_GV10K6,Low
ID_NF27E6,Medium
ID_25WOE9,Medium
ID_2QZSKH,Low
ID_IC67W5,Medium
ID_S8J24T,Medium
ID_6T1OXH,Medium
ID_UWVW1P,Low
ID_RN4FLH,Low
ID_JRPE2X,Medium
ID_7BXA2K,Medium
ID_E497V6,Low
ID_0NCNMG,Medium
ID_F2HEQY,High
ID_HYNHY8,Low
ID_D3BGNP,Low
ID_2A3WG1,Medium
ID_SPD2SW,Medium
ID_QG4QLV,Low
ID_JF4UQM,Low
ID_C1YUZP,Medium
ID_7ODM6I,Low
ID_NZKRSN,Medium
ID_FCC2SW,Medium
ID_BR4F2Z,Medium
ID_ZRJ48L,Low
ID_ZF1U6V,Medium
ID_VZ0PAE,Low
ID_22ZJ71,Low
ID_EF0VOT,Medium
ID_DM4ACR,Low
ID_XT6YEY,Medium
ID_1SXXRP,Medium
ID_RXXWFM,Medium
ID_JW8357,High
ID_YYFK31,Medium
ID_5TQSYQ,Medium
ID_MIQACA,Low
ID_G19QGU,Low
ID_CECI1Z,Low
ID_MEL61G,Medium
ID_LG2LC3,Low
ID_CQEKIU,Medium
ID_YK7YQ5,Low
ID_QMPUYW,Medium
ID_6MXRF9,Medium
ID_R1AR6U,High
ID_EO9NX5,Medium
ID_6GVWRD,Medium
ID_P1K8UR,Low
ID_EYSU7E,Medium
ID_N9EQRJ,Low
ID_T9ZJJY,Low
ID_HSQ332,Medium
ID_7193Q1,Medium
ID_4MW04I,Low
ID_MRNFIE,Medium
ID_VB9HXK,Low
ID_H5ZXRQ,Medium
ID_1CAO8W,Medium
ID_T95XJ3,Medium
ID_SNHFOQ,Low
ID_RIFWR0,High
ID_AD2C4X,Low
ID_MQP7RX,High
ID_0909JF,Low
ID_R62GDS,Low
ID_PU1FH7,High
ID_HN3F9Z,Medium
ID_CBBCMM,Low
ID_NUL5DY,Low
ID_2LBM2Q,Medium
ID_EADCT1,Low
ID_RAEJPF,High
ID_L6SO28,Low
ID_IQICB5,Medium
ID_YTE9AF,Low
ID_HECFXW,Low
ID_UTFEFZ,Medium
ID_F63BLS,Medium
ID_IPJIYL,Medium
ID_5PEPL7,Medium
ID_Z67YYK,Low
ID_1ARR5T,Medium
ID_PI9ITJ,Low
ID_42A368,Low
ID_IEC4D1,Low
ID_JPZTC0,Medium
ID_2D0CFI,Low
ID_DC112H,Medium
ID_OUHYLU,Medium
ID_GGGKYC,Medium
ID_MXVWBQ,Medium
ID_92SJP7,Medium
ID_P2S07J,Medium
ID_9M2KKT,Medium
ID_L83KKO,Medium
ID_2DA5B4,High
ID_1BL6F6,Medium
ID_W0Z69I,Low
ID_82CUDL,Low
ID_511VS0,Medium
ID_SCNKL4,High
ID_KZ36U8,Low
ID_DCITEG,Medium
ID_XN1FVQ,Medium
ID_FNKOMV,Low
ID_YK820P,Low
ID_CW9RTN,Medium
ID_NARUR3,Low
ID_ZCCXWI,Low
ID_6E8XTM,Low
ID_EZ8QSP,Low
ID_G4PDFC,High
ID_NRAUZ7,Low
ID_2ZKF5B,Medium
ID_FZQC7X,Medium
ID_1LEQI9,Low
ID_S7HGH5,Low
ID_5DSRYS,Low
ID_ME6F4O,High
ID_JSYXUF,Low
ID_7X3BQW,Low
ID_XZ6UK1,Medium
ID_U8HRAV,Low
ID_IVDTS8,Low
ID_O1CMRT,Medium
ID_25JT3M,Medium
ID_COF313,Low
ID_ZDWP73,Low
ID_SGPYNY,Low
ID_4EHMW5,Medium
ID_RTZW44,Low
ID_146VEY,Medium
ID_3ON4FG,Medium
ID_FQSDQ2,High
ID_VNLDCK,Medium
ID_E5AJR1,High
ID_A47AA6,Low
ID_1GF4OF,Medium
ID_S6AYLL,Low
ID_FRBOO7,Medium
ID_3RZN9L,Low
ID_IT1LB8,Medium
ID_RNTP3C,Low
ID_V23U50,Low
ID_Q7JBMJ,Medium
ID_MBO4KF,Medium
ID_0Z86HE,Medium
ID_1GQIT8,Low
ID_T6TCJA,Low
ID_JP8FWP,Low
ID_I41RVA,Low
ID_D0W9RY,Medium
ID_66VW9B,Low
ID_M271W1,Low
ID_JONDTW,Medium
ID_ACT498,Medium
ID_YSRNYZ,Medium
ID_QLYLEW,Medium
ID_WQ1GAZ,Low
ID_PMPCEJ,Medium
ID_XFSHWZ,Low
ID_FYCCGZ,Low
ID_IG4E8Q,High
ID_7EUAQ3,Medium
ID_JPMLNL,Medium
ID_398NLI,Low
ID_SB4HY6,Low
ID_SDI15H,Low
ID_EAGWP8,Medium
ID_P5I97B,Medium
ID_3OE9VU,Low
ID_FQTG7H,Medium
ID_J5R2SL,Low
ID_TKRRVW,Medium
ID_DLP0IR,Low
ID_DSP7IO,Low
ID_L3G0D2,Medium
ID_2GRRDN,Medium
ID_PFK6M7,Low
ID_DLOR2T,Medium
ID_2QJI47,Medium
ID_TVGTEK,Low
ID_MPH9FE,Low
ID_V0DSZR,Low
ID_A2IZ5P,Medium
ID_IWZOD0,Low
ID_LKW5E1,Medium
ID_IWZWT9,Low
ID_A2WSFJ,Low
ID_R024LP,Medium
ID_VOANPA,Low
ID_V003KG,Low
ID_2XUVF5,Low
ID_S925WO,Low
ID_WBQHSM,Medium
ID_XKJTAV,Low
ID_R9PE6C,Medium
ID_5G6JZ0,Medium
ID_GAS0R7,Medium
ID_0XPQD4,Low
ID_FKYOF4,Medium
ID_E4QVTD,Low
ID_ZVOWI0,High
ID_0KK9JG,Low
ID_ZLCH2X,Medium
ID_ZS3M0J,Low
ID_5OWK1L,Medium
ID_FWXEJ5,Low
ID_76F83E,Low
ID_3OPPOY,Medium
ID_F89LPB,Low
ID_RMVCDW,Low
ID_F1XNVB,Medium
ID_LKTOBY,Medium
ID_RE2U7F,Medium
ID_RVCNIG,Low
ID_0FEEB9,Medium
ID_5WFW5Q,Medium
ID_E1SFXU,High
ID_CJ1MK9,Medium
ID_MEMTO2,Medium
ID_S0MXVL,Medium
ID_72F9S5,Low
ID_GIQT67,Medium
ID_THLVJY,Medium
ID_5T6V8V,Low
ID_TI2V0Z,Low
ID_R3URMW,Low
ID_9T1HW2,Low
ID_PCC3ZK,Medium
ID_Q4AW8J,Medium
ID_GQ01TE,Medium
ID_TP6QAQ,High
ID_R70UT1,Medium
ID_HTH24P,Low
ID_1XUHDG,Low
ID_4LPQK5,Medium
ID_2VIUAD,Medium
ID_LXGWS5,Low
ID_HTTSW5,Low
ID_F0EZT9,Low
ID_3YJTU7,Medium
ID_W4Q46D,Medium
ID_KMCMXZ,Low
ID_433E1I,Low
ID_EUBHS1,Medium
ID_2D5VR2,Low
ID_VBYE9S,Low
ID_AADU90,Medium
ID_XNTJW3,Medium
ID_DCIROW,Medium
ID_O4QFAC,Medium
ID_VUF7Q2,Medium
ID_Z1B98V,High
ID_OSZQG6,Medium
ID_XX5FZH,Medium
ID_RONTDI,Low
ID_RM3WP8,Medium
ID_H7N1BQ,Medium
ID_J9S8U2,Medium
ID_T2BAS5,Medium
ID_RRVGMD,Medium
ID_E1SOFP,Medium
ID_1QQUAX,Medium
ID_1BJE9X,Medium
ID_CR9D47,Low
ID_K4X1FD,Medium
ID_3THZOU,Low
ID_RGKQ8U,Medium
ID_M0P9IW,Low
ID_OC6P3F,Medium
ID_SIWFVI,Medium
ID_XCY5U4,Low
ID_NOUHTC,Low
ID_D3IRVX,Low
ID_UN6FHT,Medium
ID_XS8RWG,Low
ID_L5N6HD,Low
ID_8OAGP0,Medium
ID_YOA0Y3,Low
ID_M9DEOC,Medium
ID_RZVZZG,Low
ID_4BS4KU,High
ID_ICE7W6,High
ID_976F7P,Low
ID_WWIIF8,Medium
ID_EH0QBV,Low
ID_WHKVL3,Low
ID_KJ6XHP,Medium
ID_FYO175,Low
ID_CSQL6G,Low
ID_QG1IXB,Low
ID_R64L4Y,Medium
ID_FFAHT4,Low
ID_840982,Medium
ID_NHVYWU,Low
ID_12X3NC,Medium
ID_3D4D32,Medium
ID_7BVZQ8,Low
ID_X5GGOM,Medium
ID_QW8K0R,High
ID_1PY75W,Low
ID_7DGT60,Medium
ID_7CRRBI,Low
ID_HXNRU4,Low
ID_R5T9L1,Low
ID_8YFH3X,Medium
ID_049ENU,Low
ID_19LZH3,Low
ID_C07LBL,Medium
ID_8F6FTS,Medium
ID_5M9FER,Medium
ID_SBRP14,Medium
ID_4QXXVA,Medium
ID_21OT0A,Medium
ID_CF1EK6,Low
ID_6YRGC5,Low
ID_09AMPT,Low
ID_VDKZG5,Medium
ID_HB1MTR,Medium
ID_8D0MZH,Medium
ID_CILM1G,Low
ID_41G20D,Medium
ID_QP6XGH,Medium
ID_LLH22B,Medium
ID_1T6ERQ,Medium
ID_MV0Y8X,Low
ID_7F8T3K,Low
ID_2SETB9,Low
ID_LYO3SG,Medium
ID_AY3SM1,Low
ID_1P7XHZ,Low
ID_BZS99D,Low
ID_F09UYG,Low
ID_GWKIDN,Medium
ID_84JRH8,Medium
ID_B2KNFT,Low
ID_7UACCI,Medium
ID_LQJIDK,Low
ID_YZWP4T,Low
ID_2RAS84,Medium
ID_B5BAVO,Low
ID_1GPT49,Low
ID_6QGOVU,Low
ID_2MAIET,Medium
ID_2BILNP,Medium
ID_GJ35JD,Medium
ID_EX5DEV,Low
ID_2Y0OY5,Low
ID_AAOO91,Medium
ID_9BT78K,Medium
ID_4K3AWL,Medium
ID_FRSATQ,Medium
ID_RGYBXK,Medium
ID_3T14LY,Medium
ID_4FODMJ,Medium
ID_97SZPL,Low
ID_BQY3OT,Low
ID_35AZNP,Low
ID_BTOBA8,Low
ID_HOPQ0U,Medium
ID_OAD78Q,Medium
ID_0SXG4X,Medium
ID_A8WZJW,Medium
ID_CV71E4,Low
ID_CYWE3D,Low
ID_DPT6PK,High
ID_U08L4P,Medium
ID_P1B4K5,Low
ID_1JLIDI,Medium
ID_NX1KHQ,Low
ID_DE0L1O,Medium
ID_7JXJN6,High
ID_DA9OEK,Low
ID_5C7RSM,Medium
ID_AHW9TT,Low
ID_ULGTDT,Medium
ID_JFEDTE,Medium
ID_SRNKRB,Low
ID_88R29F,Low
ID_R78L1M,Medium
ID_9BG74E,Medium
ID_WU7C8X,Medium
ID_N6OQJ6,Medium
ID_TX8J1C,Low
ID_9N1D6D,Low
ID_XWNKPZ,Medium
ID_N07EA2,Medium
ID_0UY9F8,Medium
ID_M8MRYK,Low
ID_2LNNW1,Low
ID_OY7GNJ,Medium
ID_S3T7C6,Low
ID_22O1TF,Medium
ID_G86WFY,Low
ID_G6C615,Low
ID_ZBF97C,Medium
ID_UQXDDL,Low
ID_Q7GXFX,Low
ID_73AEEP,Low
ID_3P4LFD,Low
ID_OYS78Y,Medium
ID_N573VJ,Low
ID_Q3U91F,Medium
ID_LED0Z4,Medium
ID_HXCX8G,Medium
ID_MTSWAA,Low
ID_9B7C8D,Medium
ID_VH5Y6F,Low
ID_P6VMJO,Medium
ID_IVWOE5,Medium
ID_CTEL74,Medium
ID_YHUIVG,High
ID_WVTQQK,Medium
ID_DGLSQ5,Medium
ID_3TD7UR,Low
ID_K7DD1T,Medium
ID_ZF8ADF,Low
ID_6FSRKQ,Medium
ID_PAYGAA,Medium
ID_ETYR9X,Medium
ID_8KKLSE,Medium
ID_41YB60,Medium
ID_PYWDRD,Medium
ID_D2TO1K,Medium
ID_CSG4OF,Low
ID_OAD304,Medium
ID_OVCCI6,Medium
ID_Y6C5TG,Medium
ID_GCJ2TJ,Low
ID_H1425L,Low
ID_VHDK8L,Medium
ID_ET8P1H,Medium
ID_QS1BHL,Medium
ID_2O4H1I,Medium
ID_477Y6Z,Medium
ID_WJWXYO,Medium
ID_JP1ILR,Medium
ID_DIU321,Medium
ID_4RX6PR,Low
ID_WJZXC7,Medium
ID_5TAO1C,Medium
ID_6DMJLX,Low
ID_IPQ187,Low
ID_CRGB93,Low
ID_KPSCEB,Low
ID_KII80N,Low
ID_IIQKDX,High
ID_ZXD82B,Low
ID_DDAFS1,Medium
ID_YJXRPJ,Low
ID_EK4AEG,Low
ID_VOKQY9,Medium
ID_OKAEWF,Medium
ID_K0H2K1,Low
ID_N8UH2M,Medium
ID_Y6FD62,Medium
ID_KZADBS,Medium
ID_AJ80CS,Low
ID_DWCJTA,Low
ID_RT2L2I,Medium
ID_RZZSBL,Low
ID_TEKATK,Low
ID_L6KE3H,Low
ID_KH87CY,Medium
ID_QD6R5F,Low
ID_00WNT0,Medium
ID_E41OFV,Medium
ID_G6CD2I,Low
ID_J0UFO2,Medium
ID_ZD9M0A,Low
ID_GK6YUL,Medium
ID_HE9G1B,Medium
ID_KC4GSY,Low
ID_OWXZO4,Low
ID_HRBFGC,High
ID_JWV2QN,Low
ID_O9RE3D,Low
ID_37C6QC,Low
ID_K3GPI3,Medium
ID_NSPN5M,Medium
ID_ALLSSF,Medium
ID_20HH28,Medium
ID_7GE7MG,Low
ID_N14RBH,Low
ID_SGQ9WE,Low
ID_DL87XP,High
ID_JX5TD4,Medium
ID_CCRBF4,Medium
ID_WNAZMP,Medium
ID_A5U6HC,Low
ID_2O1LIY,Low
ID_C669PS,Low
ID_GJMQ6G,Medium
ID_CS5834,Medium
ID_P3A8N5,Low
ID_GZMK8J,Medium
ID_LO87TQ,Low
ID_HRUMMT,Low
ID_0K2T9Z,Low
ID_XMABL3,High
ID_UW0V0I,Low
ID_BCBABT,Low
ID_6WZS3T,Low
ID_MPD7Z4,Low
ID_I8XQ6T,Medium
ID_O2TLA2,Medium
ID_BV0DEO,Medium
ID_ZBAMD9,Low
ID_C9PUBK,Medium
ID_ICD0LS,Medium
ID_9FG4UB,Low
ID_1FLMNA,Medium
ID_TD7KFN,Medium
ID_0EN4IE,High
ID_JCY4V8,Low
ID_0Y0WLI,Medium
ID_HHXFGC,Medium
ID_K38CJT,Medium
ID_UIX6HT,Low
ID_WUQAYG,High
ID_0A78P5,Low
ID_K0EXC1,High
ID_W9BFC0,Medium
ID_T7DHT8,High
ID_CFS831,Medium
ID_67ST8L,Medium
ID_QCJNIY,Low
ID_F0NSGT,Low
ID_3WESPB,Low
ID_K47SL7,Medium
ID_FQGDM1,Medium
ID_16LBUW,Low
ID_DDVYYQ,Medium
ID_X8XU2P,Medium
ID_CGNDJP,Low
ID_BI2MKN,Low
ID_3Q1D05,Medium
ID_X6WB68,Medium
ID_08RWQ1,Low
ID_TIKYNF,Low
ID_ESNE8Q,Low
ID_ZI5IKZ,Medium
ID_KQCAUE,Low
ID_GONI9H,Medium
ID_PD327K,Low
ID_7YT2M6,High
ID_224YL5,Medium
ID_X6XDA7,Medium
ID_8VHMEW,Low
ID_RY58VR,Medium
ID_BTLVVB,Medium
ID_5V1CIH,Medium
ID_TOS87M,Medium
ID_GJPQOH,Low
ID_4MS4H2,High
ID_EH8HYF,Low
ID_GSFWMS,Low
ID_MPGGD0,Medium
ID_5CIKAN,Low
ID_0JEZ4U,Medium
ID_MW04U9,Medium
ID_W4BQP3,Low
ID_IIO3BD,Low
ID_E8C6TC,Low
ID_90ZCQL,Low
ID_D5SO2N,Medium
ID_12LC9B,Medium
ID_EVJLZF,Medium
ID_PEQYDB,Medium
ID_7V1QSA,Medium
ID_8TFXSW,Low
ID_SSUZ1Q,Medium
ID_CO59AV,Low
ID_7G4MJZ,Medium
ID_H6K9G1,Low
ID_4EPXR9,Low
ID_UV73L5,Low
ID_E9QDI3,Medium
ID_FTQ973,Low
ID_UQHAJ2,Medium
ID_F3LRCX,Low
ID_4GMA4I,Medium
ID_LL9RZR,Low
ID_VER0DR,Medium
ID_YTJPTV,Medium
ID_FTJ6AC,Medium
ID_72FEB3,Medium
ID_54MAPH,Medium
ID_KJCO6M,Medium
ID_1J55CU,Medium
ID_Z8UUG9,Medium
ID_IK1B5F,Low
ID_IJLMAE,Low
ID_LN9TLY,Medium
ID_UHIF80,High
ID_3OKO3V,Medium
ID_XZ3ADH,Low
ID_IY2S53,Low
ID_FDXK31,Low
ID_TC0Z7Q,Low
ID_DQ8G2K,Low
ID_7VXUQD,Medium
ID_I3LAQV,Low
ID_QXGYMY,Medium
ID_CYYPQ7,Medium
ID_I3AL6E,Medium
ID_J56UTD,High
ID_NQ323L,Low
ID_TD96QE,Medium
ID_CL5EFJ,Low
ID_LSV2IF,Medium
ID_EL8MWO,Low
ID_6BU9XR,Medium
ID_VNHDCZ,Medium
ID_XX3LNC,Medium
ID_10VR2B,Medium
ID_IQ7ZFV,Low
ID_KZGGM0,Medium
ID_EHQ403,Medium
ID_V6LOI5,Low
ID_ZSUZPO,Low
ID_H4TNPU,Low
ID_RL5QR4,Low
ID_SSZXQT,Low
ID_EJGNZF,Medium
ID_HDPWVB,Low
ID_RB58YJ,Medium
ID_PDTZ91,Low
ID_YELDAU,Low
ID_LUZK3V,Medium
ID_OG996J,Medium
ID_L9TQVD,High
ID_ILBQNW,Medium
ID_MOZKNH,Low
ID_TI2HUX,Low
ID_O7V1IZ,Medium
ID_DWD5C7,Low
ID_0ZIA9A,High
ID_9SB5MB,Medium
ID_8KSZBF,Medium
ID_0HTZY5,Low
ID_WB7TZP,Low
ID_5MCQGZ,Medium
ID_FF2X5Y,Low
ID_GYNIOL,Medium
ID_HSBMEK,Low
ID_JJ9GZK,Medium
ID_JU68OS,Low
ID_6C6ZH6,Medium
ID_SG7D32,Low
ID_QZXY4A,Medium
ID_5JHR72,Low
ID_RI8BIX,Low
ID_XY16ZG,Medium
ID_RLEXDW,Medium
ID_XPESHA,Low
ID_VRYR26,Low
ID_7HTSB6,Medium
ID_4JUFN2,Medium
ID_SKI4AI,Medium
ID_P6MKT7,Medium
ID_N9UQ7R,Medium
ID_GURT1R,Medium
ID_FZZDVG,Medium
ID_G2GZR7,Medium
ID_XA859T,Medium
ID_0CJBMU,Medium
ID_MNA9TV,Low
ID_TN0PLC,Medium
ID_XYPHWH,Medium
ID_8804FI,Medium
ID_SR7SH2,Medium
ID_H55HEW,Medium
ID_JPCMW0,Medium
ID_20C1N0,High
ID_LN3OX5,Low
ID_6US7RP,High
ID_E40KZU,Medium
ID_SOYG9Z,Low
ID_GCSOTD,Medium
ID_UHBX6A,Medium
ID_24FJ57,Low
ID_9NGQ6T,Medium
ID_QUO2XQ,High
ID_53IPP1,Medium
ID_CCE4HA,Low
ID_3JFW79,Medium
ID_94874F,Medium
ID_4TKVV7,Medium
ID_X598K2,Low
ID_TO0WZN,Medium
ID_N34O6P,Low
ID_Y105XU,Low
ID_TVB9WB,Low
ID_YMZT0C,Medium
ID_N6V3RZ,Medium
ID_DM2HEP,Low
ID_6UJKAE,Medium
ID_48B890,Low
ID_E5YAZH,High
ID_TC7I85,Low
ID_0OTGPE,Medium
ID_YV37DI,Low
ID_U6MQBI,Medium
ID_I1GK2U,Medium
ID_9Q44DV,Low
ID_I5ILHR,Low
ID_61Y2X6,Medium
ID_ML5UGD,Medium
ID_VTCODA,Low
ID_AVPM6D,Medium
ID_47DVCF,Low
ID_YME6RP,Low
ID_4UGG6S,Low
ID_6K33UF,Medium
ID_9SHQ8B,Low
ID_IO4X85,Low
ID_UT2UTC,High
ID_OJVVF0,Low
ID_P89UKA,Low
ID_10PKTN,Low
ID_S62C1J,Low
ID_1GW7RY,Low
ID_XOATMZ,Medium
ID_DV9NM3,Medium
ID_YF9JKN,Low
ID_B5HSTS,Medium
ID_UDKEZH,Low
ID_CJ0OSO,Medium
ID_SM149M,Low
ID_IAXUFV,Medium
ID_Y9MZE9,High
ID_2I477P,Medium
ID_2U8U23,High
ID_K0VGL2,Medium
ID_3DN1TJ,Medium
ID_8G4BUE,Medium
ID_KCOVRX,Low
ID_K7917X,Medium
ID_ECHZSW,Low
ID_RFEGCX,Medium
ID_KI4JKJ,Medium
ID_BBMZJ2,Medium
ID_4OF633,Medium
ID_FBDN2G,Low
ID_7YTXWC,Low
ID_R4UT6F,Low
ID_P0NFDD,Low
ID_IOPRA5,Medium
ID_8ZUFJW,Medium
ID_2Q4M8N,Medium
ID_8DY3PW,Low
ID_3RWK3O,Medium
ID_IDFWA8,Medium
ID_IG6UO3,Medium
ID_5E51H3,Medium
ID_CBHHLK,Medium
ID_Y9YTJU,Medium
ID_Q8ZGVW,Low
ID_L7W05Y,Low
ID_7ZFZTO,Medium
ID_LFLOH5,Low
ID_SM4FSH,Low
ID_JOD5JG,Medium
ID_62OEDR,Medium
ID_K02LVU,Medium
ID_NXRL47,Low
ID_42DWZU,Low
ID_I5GSE1,Low
ID_8X65Z3,Low
ID_Q36ZPM,High
ID_43TUYK,Low
ID_5XMUFU,Low
ID_3ZKWDE,Medium
ID_HETZXA,Medium
ID_OO0AHW,Medium
ID_TDYWM8,Low
ID_GYR58M,Medium
ID_JPT2ZL,Medium
ID_U3F0ME,Low
ID_WT805Q,Medium
ID_YPQR0V,Medium
ID_NY7CY2,Low
ID_YVII1V,Medium
ID_U7C1A7,Medium
ID_2H394L,Medium
ID_ASIKZO,Low
ID_OFUOE7,Low
ID_F1HX6Z,Medium
ID_80PZY0,Low
ID_79QZ2D,Medium
ID_3OCWBF,Medium
ID_OXWCRR,Medium
ID_BYGHGK,Low
ID_DFDM71,Medium
ID_FULZ2A,Low
ID_TNTKR3,Low
ID_TUWFV2,Medium
ID_4SCAAJ,Low
ID_0L8LPH,Low
ID_ILH4EB,Low
ID_GZF2UM,Low
ID_F9HKJF,Low
ID_EVSTYG,Medium
ID_BWQTVL,Low
ID_36I2Y0,Low
ID_U4L0BY,Medium
ID_KL5EZ2,Medium
ID_M4E622,Low
ID_NROA2N,Low
ID_F4X2JP,Medium
ID_WVWORL,Medium
ID_PAIIUC,Medium
ID_5YB35O,Low
ID_E7PI8W,Medium
ID_Y1FZK9,Low
ID_R6MSB2,Low
ID_PUWFQ9,Medium
ID_LAJM3U,Medium
ID_JMWUOC,Medium
ID_4KFOCN,Low
ID_D44NDV,High
ID_XOX3MS,Medium
ID_PA18QT,Medium
ID_TEBTLD,Low
ID_KHL1CR,Medium
ID_YDNRB3,Medium
ID_5A36E1,Medium
ID_SU2MSG,Low
ID_3KOMPO,Medium
ID_FBMENU,Medium
ID_1HW3GM,Medium
ID_P96XJL,Low
ID_JIC51M,Medium
ID_PADRKU,Medium
ID_WG5742,Low
ID_9VA98B,Medium
ID_SZ2KUU,Medium
ID_UZ8DU9,Medium
ID_ICFARY,Low
ID_8F8C8C,Medium
ID_LVZFAA,Medium
ID_RBCSC8,Low
ID_ECV84X,Low
ID_CKONRH,Medium
ID_4WAKEF,Low
ID_ON8UUJ,Medium
ID_AG2F14,Low
ID_9SJEIC,Low
ID_TEVTX3,Medium
ID_78U42I,Low
ID_PJY1ZB,Low
ID_FNIROH,Low
ID_ZF2JXJ,Medium
ID_3WZ3VU,High
ID_0SU863,Low
ID_1R11Q7,Low
ID_CDW57I,Low
ID_H2U8V7,Low
ID_E9DUV1,Low
ID_2EVEIL,High
ID_CW8HYV,Medium
ID_U6SJJF,Medium
ID_NKSW5B,Low
ID_FWBEBY,Low
ID_6G8V3G,Low
ID_YH5HOA,Medium
ID_HJGZX8,Low
ID_TZZRBY,Medium
ID_H5GR8D,Low
ID_RODT2D,Low
ID_3YRXK6,Medium
ID_350SGN,Medium
ID_L0V8HS,Low
ID_B7QPIZ,High
ID_TE1EL8,Medium
ID_93S8DY,Low
ID_D9GX2H,Low
ID_T3C1WQ,Low
ID_O8PM4Y,Low
ID_EI9ULT,Medium
ID_G7BB4D,Low
ID_BW4QL7,Medium
ID_0RCTI8,Low
ID_M7PFEE,Medium
ID_E11E9F,Medium
ID_PHJUF4,Low
ID_QGM5V2,Low
ID_2158U5,Low
ID_OZT4LH,Medium
ID_FPQEQQ,High
ID_XBGK2W,Low
ID_HMGOLO,Medium
ID_856U0R,Medium
ID_X7HLRI,Medium
ID_BMWMNO,Low
ID_8BTQ78,Low
ID_Y8NYFW,Medium
ID_JXMIKW,Medium
ID_RHOCN9,Medium
ID_M75PSZ,Medium
ID_MTS1EG,Medium
ID_EY6QMJ,Low
ID_BBSU04,Medium
ID_M91KQZ,Medium
ID_84Y9YV,Low
ID_SLHGMR,Medium
ID_LMGS9V,Low
ID_CLIC6B,Medium
ID_BXPFYJ,Medium
ID_GGU5RP,Medium
ID_BZUO7M,Medium
ID_A0D7DU,Low
ID_BGPOQ5,Low
ID_N5A8XA,Medium
ID_KFH00A,Medium
ID_BVXKET,Medium
ID_LI77JZ,Medium
ID_FBDPWC,Low
ID_MY93PO,Medium
ID_WSHMLF,Low
ID_NV5XU6,Medium
ID_K74F5Z,Medium
ID_6T4UFE,Medium
ID_PEQ1ZJ,Medium
ID_N4SCZL,Medium
ID_5GDRLE,Medium
ID_1361BG,Low
ID_Q18OVE,Medium
ID_5BWNE4,Low
ID_QJT510,Medium
ID_JVYLMA,Low
ID_KTSG7F,Medium
ID_VON8PV,Medium
ID_J30AMX,High
ID_KG84YN,High
ID_6KTUZH,Low
ID_HN8VJF,Low
ID_W0BDFF,Low
ID_ZSS8V5,Medium
ID_CLYID8,Low
ID_DOF83G,Medium
ID_JOD8VU,Medium
ID_GQJT4N,Medium
ID_2G0RF1,Low
ID_32RV23,Medium
ID_K73U1P,Medium
ID_O504FX,Low
ID_F6HYD6,Medium
ID_AD3M6J,Medium
ID_9ZA3MI,Medium
ID_I8ARE1,Low
ID_V1LK4A,Medium
ID_0LJC6W,Low
ID_V45D3D,Medium
ID_TMFWG8,Medium
ID_MQ5S45,Low
ID_G3FYE4,Medium
ID_LW6JL2,Medium
ID_UPK9IP,High
ID_Q77AG3,High
ID_OQO0J4,Medium
ID_QR8O1K,Medium
ID_OGXVX9,Low
ID_NIAI4T,Low
ID_0UE99O,Medium
ID_NO5WTT,Low
ID_VZN2HL,Low
ID_TP9RRD,Low
ID_JZTO7D,Medium
ID_E7T0TS,Medium
ID_5HHVYH,Low
ID_8456M8,Low
ID_OBJLZY,Low
ID_S1CO1R,Medium
ID_B8JQTB,Medium
ID_MJJQGF,Low
ID_5LX9BE,Low
ID_FQ84GD,Medium
ID_GQIO1M,Medium
ID_2SDS8B,Medium
ID_NI4ZF5,Medium
ID_1M3TFQ,Low
ID_HYB7TH,Low
ID_T1N5JQ,Medium
ID_UUETN1,Low
ID_4W713Q,Low
ID_Q52WSP,Medium
ID_IH0FUO,Medium
ID_VRECJT,Low
ID_IBCLTR,Medium
ID_2V0MW4,Medium
ID_EI975Y,Medium
ID_TIRC9Z,Low
ID_6FXNOQ,Medium
ID_M4GSD5,Medium
ID_EC68RK,Low
ID_97Y8XL,Medium
ID_TD3ABE,Low
ID_WJAZQ4,Medium
ID_YJOAOE,Medium
ID_PN7Y85,Medium
ID_WLIUVJ,Medium
ID_F75935,Medium
ID_NE6YIW,Low
ID_OT7U4Y,Low
ID_73IEKZ,Low
ID_3V10M1,Medium
ID_NZ7DSO,Medium
ID_6RSOFR,Medium
ID_7F10TB,Medium
ID_Y4XMAL,Medium
ID_SKP6RF,Medium
ID_9UK693,Medium
ID_KRD5EQ,Medium
ID_PRHVLZ,Medium
ID_6DDZV7,Medium
ID_5ZJAUC,Medium
ID_FWJ8DA,Medium
ID_90I2HQ,Low
ID_TLCQFM,Low
ID_1HBGYB,Low
ID_RN5YUN,Low
ID_JA2M0W,Low
ID_XPCZ07,Low
ID_NP84DY,Medium
ID_5U50FH,Medium
ID_Y0RSG5,Low
ID_RB5TNG,Medium
ID_D7X5GY,Low
ID_OW8DT8,Low
ID_53R4SI,Low
ID_JPQPQ2,Low
ID_W8F6N3,Low
ID_PFG8PJ,Medium
ID_WRRVAX,Medium
ID_SS7NW0,Low
ID_LGQTCD,Medium
ID_Y5BFYG,Medium
ID_9V08LI,Medium
ID_IKRO8U,Low
ID_5RQ8K9,Medium
ID_N5ROUE,Medium
ID_4PN9A7,Medium
ID_NHN6OF,Low
ID_TOOWT9,Medium
ID_N9HFEO,Low
ID_DF9M13,Medium
ID_4QTP87,Medium
ID_SW2292,Low
ID_XQFJO2,Low
ID_G29FLV,Low
ID_0R3I9H,Medium
ID_F8S2ZG,Low
ID_ZJHP4O,Low
ID_UESBFC,Low
ID_LJK85J,High
ID_Q4N181,Low
ID_APDZ6W,Medium
ID_6L4M1T,Medium
ID_8QHS9C,Medium
ID_QDAKG8,Medium
ID_KQ9MGM,Medium
ID_GISE6J,Medium
ID_7SVCLL,Medium
ID_KHE15I,Low
ID_PLB01J,Medium
ID_NW6GSD,Low
ID_U833Z5,Low
ID_GCPWW4,Low
ID_TT7F1U,Medium
ID_IYKU9I,Medium
ID_4HY3FI,Low
ID_D3IIA3,Medium
ID_G0GTPF,Low
ID_CXB9VR,Medium
ID_EHPZRV,Medium
ID_F6VZCR,Medium
ID_9V3ZSO,Medium
ID_CH1WY6,Medium
ID_FLUOAY,Medium
ID_VBJRBZ,Low
ID_80ICSH,Low
ID_5Y96BK,Low
ID_3QA8NH,Low
ID_SXDLK8,Medium
ID_0QTL3Q,Medium
ID_XBAF4G,Low
ID_7T3K9O,Low
ID_QPVBXS,High
ID_AF3QHY,Medium
ID_JEGOHM,Low
ID_RMNZSY,High
ID_B4UNEI,Low
ID_W43KIJ,High
ID_JALVRT,Low
ID_HZ3UGB,Low
ID_4TBS9I,Medium
ID_NH1CBH,Medium
ID_QCSPD7,Medium
ID_DOFFWS,Low
ID_5R0PNF,Medium
ID_BJMTY0,Low
ID_QRFKXZ,Low
ID_Q0H4S4,Medium
ID_O0N2NO,Low
ID_22DKNO,Low
ID_94WOZR,Low
ID_380CBQ,Medium
ID_6KDD49,Medium
ID_5UHNA2,Low
ID_CRZXC4,Low
ID_LQV62J,Low
ID_GW10C9,Medium
ID_Y93BZV,Low
ID_8U6B15,Medium
ID_83UDQB,Medium
ID_2QMK3U,Medium
ID_CGJK91,Low
ID_CVYEVB,Low
ID_5JJ002,Medium
ID_3BQHOK,Medium
ID_G8CD31,Low
ID_ZYV9BI,Medium
ID_PGGMIN,Medium
ID_MC9QH1,Medium
ID_TITXR2,Low
ID_ZAC2EX,Medium
ID_HHW9IN,Low
ID_STP8NK,Medium
ID_LE6KWH,Medium
ID_8VAQVB,Medium
ID_ACWAQA,Low
ID_8UX018,Low
ID_1MWMSO,Low
ID_GJNGVS,Medium
ID_03Y3PA,Low
ID_W5GSM7,Medium
ID_41EVL4,High
ID_590J1M,Medium
ID_07H0UM,Medium
ID_LX2CRL,Medium
ID_2P4LEW,Low
ID_OZCTWJ,Medium
ID_7FXV7A,Medium
ID_YU2RNA,Low
ID_50T0GD,Medium
ID_CXSUO8,Medium
ID_VDL1CE,Low
ID_YN1KJS,Low
ID_X1CCEF,Low
ID_9JFO2A,Low
ID_WE7R4H,Medium
ID_OJZCDU,Medium
ID_PRSH73,Low
ID_HBUDU7,Medium
ID_G13IWP,Medium
ID_D6ARW4,Low
ID_YWLKLQ,Medium
ID_4PO1I3,Medium
ID_RY92HJ,High
ID_SR5ET3,Medium
ID_EXTS6Y,Medium
ID_WUIH2J,Low
ID_LDXFIB,Low
ID_MZ2CAO,Medium
ID_5SWSFL,Low
ID_FZIWJO,Low
ID_05WDNL,Low
ID_L4AO4W,Low
ID_5SEBBM,Low
ID_DO8YU9,Medium
ID_NPHN1O,Low
ID_UIGM2T,Medium
ID_QK3TGZ,Low
ID_4PEVH4,Low
ID_7DNHU0,Medium
ID_UK4SHA,Medium
ID_OCQJR6,Low
ID_MFH5E8,Medium
ID_EMZYG8,Low
ID_W6B9W5,Medium
ID_FX7XJZ,Low
ID_XAL1LX,Low
ID_UHBP0F,Medium
ID_GKIKR2,Medium
ID_O7P4HI,Low
